case_id,iteration,panel_count,input_bytes,decoded_pixels,working_pixels,decode_preprocess_ms,ocr_ms,rules_serialize_ms,server_pipeline_ms,summary,expected_summary,expected_correct,field_validation_errors,field_mismatch_count,missing_evidence_count,false_clean_count,false_mismatch_count,field_count,active_check_count,ocr_lines,response_bytes
S01_clean_one,1,1,153924,2160000,990000,43.0,3878.24,21.41,3942.64,No differences found in checked fields,No differences found in checked fields,True,[],0,0,0,0,17,16,12,9307
S01_clean_one,2,1,153924,2160000,990000,43.76,2472.73,17.94,2534.44,No differences found in checked fields,No differences found in checked fields,True,[],0,0,0,0,17,16,12,9307
S02_title_case,1,1,152119,2160000,990000,42.64,2796.79,15.26,2854.68,Differences detected,Differences detected,True,[],0,0,0,0,17,16,12,9302
S02_title_case,2,1,152119,2160000,990000,41.83,2482.83,16.14,2540.8,Differences detected,Differences detected,True,[],0,0,0,0,17,16,12,9302
S03_abv_difference,1,1,153948,2160000,990000,44.98,2506.64,18.49,2570.11,Differences detected,Differences detected,True,[],0,0,0,0,17,16,12,9314
S03_abv_difference,2,1,153948,2160000,990000,44.32,2578.68,17.25,2640.25,Differences detected,Differences detected,True,[],0,0,0,0,17,16,12,9314
S04_missing_warning,1,1,93007,2160000,990000,42.69,2005.64,16.51,2064.84,Differences detected,Differences detected,True,[],0,0,0,0,17,16,7,8219
S04_missing_warning,2,1,93007,2160000,990000,40.55,1585.62,15.74,1641.91,Differences detected,Differences detected,True,[],0,0,0,0,17,16,7,8219
S05_glare_blur,1,1,111797,2160000,990000,42.0,3060.73,20.48,3123.21,Review needed,Review needed,True,[],0,0,0,0,17,16,12,9267
S05_glare_blur,2,1,111797,2160000,990000,41.3,2530.15,15.68,2587.13,Review needed,Review needed,True,[],0,0,0,0,17,16,12,9267
S06_decoy_abv,1,1,166166,2160000,990000,42.45,3609.63,15.83,3667.91,Differences detected,Differences detected,True,[],0,0,0,0,17,16,13,9309
S06_decoy_abv,2,1,166166,2160000,990000,42.01,2487.51,19.94,2549.46,Differences detected,Differences detected,True,[],0,0,0,0,17,16,13,9309
S07_three_panel,1,3,217038,6480000,3960000,127.33,3927.82,46.54,4101.68,No differences found in checked fields,No differences found in checked fields,True,[],0,0,0,0,17,16,13,9501
S07_three_panel,2,3,217038,6480000,3960000,124.77,2527.6,47.63,2699.99,No differences found in checked fields,No differences found in checked fields,True,[],0,0,0,0,17,16,13,9501
S08_six_panel,1,6,299632,12960000,5940000,250.65,3818.1,88.88,4157.63,No differences found in checked fields,No differences found in checked fields,True,[],0,0,0,0,17,16,13,9737
S08_six_panel,2,6,299632,12960000,5940000,252.39,2836.56,89.03,3177.98,No differences found in checked fields,No differences found in checked fields,True,[],0,0,0,0,17,16,13,9737
S09_high_resolution,1,1,424016,12000000,990000,201.54,3711.67,81.61,3994.82,Review needed,Review needed,True,[],0,0,0,0,17,16,11,9349
S09_high_resolution,2,1,424016,12000000,990000,200.7,2836.22,90.76,3127.67,Review needed,Review needed,True,[],0,0,0,0,17,16,11,9349
S10_import_origin,1,1,161081,2160000,990000,42.21,3262.48,16.33,3321.03,No differences found in checked fields,No differences found in checked fields,True,[],0,0,0,0,17,17,13,9331
S10_import_origin,2,1,161081,2160000,990000,42.73,2576.59,15.44,2634.76,No differences found in checked fields,No differences found in checked fields,True,[],0,0,0,0,17,17,13,9331
S11_producer_difference,1,1,155421,2160000,990000,41.94,3465.53,17.53,3525.0,Differences detected,Differences detected,True,[],0,0,0,0,17,16,12,9342
S11_producer_difference,2,1,155421,2160000,990000,41.36,2826.27,19.21,2886.83,Differences detected,Differences detected,True,[],0,0,0,0,17,16,12,9342
S12_warning_typography,1,1,157630,2160000,990000,42.41,3323.25,17.27,3382.93,Differences detected,Differences detected,True,[],0,0,0,0,17,16,12,9321
S12_warning_typography,2,1,157630,2160000,990000,42.97,2302.26,17.99,2363.22,Differences detected,Differences detected,True,[],0,0,0,0,17,16,12,9321
S13_warning_uncertain,1,1,93849,2160000,990000,42.56,3055.64,15.68,3113.88,Review needed,Review needed,True,[],0,0,0,0,17,16,12,9288
S13_warning_uncertain,2,1,93849,2160000,990000,44.56,2576.45,18.62,2639.63,Review needed,Review needed,True,[],0,0,0,0,17,16,12,9288
S14_brand_case,1,1,153056,2160000,990000,43.23,3028.65,17.09,3088.97,Review needed,Review needed,True,[],0,0,0,0,17,16,12,9283
S14_brand_case,2,1,153056,2160000,990000,41.5,2457.46,20.55,2519.51,Review needed,Review needed,True,[],0,0,0,0,17,16,12,9283
S15_proof_difference,1,1,153965,2160000,990000,44.02,2506.06,18.47,2568.55,Differences detected,Differences detected,True,[],0,0,0,0,17,16,12,9307
S15_proof_difference,2,1,153965,2160000,990000,46.24,2590.71,15.54,2652.5,Differences detected,Differences detected,True,[],0,0,0,0,17,16,12,9307
S16_proof_missing,1,1,150281,2160000,990000,42.35,2476.43,17.23,2536.01,Review needed,Review needed,True,[],0,0,0,0,17,16,12,9227
S16_proof_missing,2,1,150281,2160000,990000,43.7,2477.62,15.52,2536.84,Review needed,Review needed,True,[],0,0,0,0,17,16,12,9227
S17_proof_ambiguous,1,1,159335,2160000,990000,42.14,3496.4,16.3,3554.84,Review needed,Review needed,True,[],0,0,0,0,17,16,12,9323
S17_proof_ambiguous,2,1,159335,2160000,990000,42.9,2966.64,15.98,3025.51,Review needed,Review needed,True,[],0,0,0,0,17,16,12,9323
S18_applicability_below,1,1,93265,2160000,990000,42.45,1572.02,15.52,1630.0,No differences found in checked fields,No differences found in checked fields,True,[],0,0,0,0,17,9,7,8265
S18_applicability_below,2,1,93265,2160000,990000,40.97,1536.94,15.47,1593.38,No differences found in checked fields,No differences found in checked fields,True,[],0,0,0,0,17,9,7,8265
S19_applicability_threshold,1,1,153306,2160000,990000,42.92,2588.12,14.97,2646.01,No differences found in checked fields,No differences found in checked fields,True,[],0,0,0,0,17,16,12,9320
S19_applicability_threshold,2,1,153306,2160000,990000,42.6,2498.18,16.45,2557.24,No differences found in checked fields,No differences found in checked fields,True,[],0,0,0,0,17,16,12,9320
S20_applicability_unparseable,1,1,157807,2160000,990000,41.83,2867.68,16.44,2925.95,Review needed,Review needed,True,[],0,0,0,0,17,16,12,9201
S20_applicability_unparseable,2,1,157807,2160000,990000,43.26,2930.43,17.72,2991.41,Review needed,Review needed,True,[],0,0,0,0,17,16,12,9201
S21_warning_missing_colon,1,1,153675,2160000,990000,40.49,2575.89,18.54,2634.92,Differences detected,Differences detected,True,[],0,0,0,0,17,16,12,9286
S21_warning_missing_colon,2,1,153675,2160000,990000,44.44,2497.36,15.62,2557.41,Differences detected,Differences detected,True,[],0,0,0,0,17,16,12,9286
S22_warning_altered_heading,1,1,158734,2160000,990000,42.76,3071.2,16.05,3130.01,Differences detected,Differences detected,True,[],0,0,0,0,17,16,12,9364
S22_warning_altered_heading,2,1,158734,2160000,990000,44.69,2983.74,16.2,3044.63,Differences detected,Differences detected,True,[],0,0,0,0,17,16,12,9364
S23_warning_bold_body,1,1,158307,2160000,990000,42.76,2870.05,15.54,2928.34,Differences detected,Differences detected,True,[],0,0,0,0,17,16,12,9315
S23_warning_bold_body,2,1,158307,2160000,990000,43.47,2630.87,18.5,2692.84,Differences detected,Differences detected,True,[],0,0,0,0,17,16,12,9315
S24_warning_regular_heading,1,1,153260,2160000,990000,49.35,2560.83,15.6,2625.79,Differences detected,Differences detected,True,[],0,0,0,0,17,16,12,9308
S24_warning_regular_heading,2,1,153260,2160000,990000,41.8,2471.0,16.38,2529.18,Differences detected,Differences detected,True,[],0,0,0,0,17,16,12,9308
S25_producer_punctuation,1,1,153924,2160000,990000,43.41,2427.27,15.33,2486.01,Review needed,Review needed,True,[],0,0,0,0,17,16,12,9315
S25_producer_punctuation,2,1,153924,2160000,990000,41.24,2411.59,15.44,2468.27,Review needed,Review needed,True,[],0,0,0,0,17,16,12,9315
S26_producer_missing,1,1,136896,2160000,990000,41.64,2576.69,16.76,2635.09,Review needed,Review needed,True,[],0,0,0,0,17,16,10,9171
S26_producer_missing,2,1,136896,2160000,990000,45.15,2588.41,16.09,2649.65,Review needed,Review needed,True,[],0,0,0,0,17,16,10,9171
S27_producer_case,1,1,153924,2160000,990000,44.07,2647.96,17.07,2709.1,Review needed,Review needed,True,[],0,0,0,0,17,16,12,9297
S27_producer_case,2,1,153924,2160000,990000,45.55,2458.67,15.71,2519.93,Review needed,Review needed,True,[],0,0,0,0,17,16,12,9297
S28_warning_heading_extra_period,1,1,153968,2160000,990000,41.13,2433.28,15.45,2489.86,Differences detected,Differences detected,True,[],0,0,0,0,17,16,12,9320
S28_warning_heading_extra_period,2,1,153968,2160000,990000,43.47,2490.3,16.17,2549.94,Differences detected,Differences detected,True,[],0,0,0,0,17,16,12,9320
S29_warning_body_added_period,1,1,153976,2160000,990000,43.18,2587.59,16.31,2647.08,Differences detected,Differences detected,True,[],0,0,0,0,17,16,12,9301
S29_warning_body_added_period,2,1,153976,2160000,990000,44.16,2747.27,17.59,2809.02,Differences detected,Differences detected,True,[],0,0,0,0,17,16,12,9301
S30_warning_body_duplicate_punctuation,1,1,154019,2160000,990000,41.82,2897.05,18.32,2957.2,Differences detected,Differences detected,True,[],0,0,0,0,17,16,12,9313
S30_warning_body_duplicate_punctuation,2,1,154019,2160000,990000,48.84,3054.52,19.81,3123.16,Differences detected,Differences detected,True,[],0,0,0,0,17,16,12,9313
S31_warning_punctuation_uncertain,1,1,93877,2160000,990000,43.19,2647.25,16.83,2707.27,Review needed,Review needed,True,[],0,0,0,0,17,16,12,9302
S31_warning_punctuation_uncertain,2,1,93877,2160000,990000,40.41,2558.34,15.96,2614.7,Review needed,Review needed,True,[],0,0,0,0,17,16,12,9302
S32_country_duplicate_same,1,2,188151,2760000,1980000,59.12,4261.37,21.91,4342.39,Review needed,Review needed,True,[],0,0,0,0,17,17,14,9441
S32_country_duplicate_same,2,2,188151,2760000,1980000,54.54,2769.81,19.8,2844.15,Review needed,Review needed,True,[],0,0,0,0,17,17,14,9441
S33_country_conflicting,1,2,185726,2760000,1980000,55.07,3655.54,19.63,3730.23,Review needed,Review needed,True,[],0,0,0,0,17,17,14,9714
S33_country_conflicting,2,2,185726,2760000,1980000,59.77,2775.78,20.64,2856.19,Review needed,Review needed,True,[],0,0,0,0,17,17,14,9714
S34_country_missing,1,1,153924,2160000,990000,44.13,2523.99,15.86,2583.98,Review needed,Review needed,True,[],0,0,0,0,17,17,12,9256
S34_country_missing,2,1,153924,2160000,990000,41.6,2445.15,15.77,2502.51,Review needed,Review needed,True,[],0,0,0,0,17,17,12,9256
S35_country_unreadable,1,2,183718,4320000,1980000,82.81,3344.62,31.07,3458.49,Review needed,Review needed,True,[],0,0,0,0,17,17,12,9308
S35_country_unreadable,2,2,183718,4320000,1980000,85.06,2690.49,31.76,2807.31,Review needed,Review needed,True,[],0,0,0,0,17,17,12,9308
S36_country_decoy,1,1,169485,2160000,990000,44.52,3497.93,16.54,3558.99,Review needed,Review needed,True,[],0,0,0,0,17,17,14,9329
S36_country_decoy,2,1,169485,2160000,990000,44.09,2527.97,15.27,2587.34,Review needed,Review needed,True,[],0,0,0,0,17,17,14,9329
S37_country_mismatch,1,1,159481,2160000,990000,42.79,2546.3,17.16,2606.25,Differences detected,Differences detected,True,[],0,0,0,0,17,17,13,9322
S37_country_mismatch,2,1,159481,2160000,990000,43.57,2651.94,15.85,2711.37,Differences detected,Differences detected,True,[],0,0,0,0,17,17,13,9322
